,SNP,chrpos.exposure,effect_allele.exposure,other_allele.exposure,beta.exposure,se.exposure,pval.exposure,chrpos.outcome,effect_allele.outcome,other_allele.outcome,eaf.outcome,beta.outcome,pval.outcome,se.outcome,Wald,Waldvar,lab,id.exposure,exposure,id.outcome,outcome,mr_keep
1,rs10056811,5:74605220,A,G,0.063839,0.0033871,3.6547e-79,5:74605220,A,G,0.3538,0.0389,0.1062,0.0241,0.609345384482839,0.142515445350322,rs10056811,UKB,LDL-C,Blauwendraat,PD,TRUE
2,rs10062361,5:74565153,T,C,0.066717,0.0039256,9.9721e-65,5:74565153,T,C,0.2222,0.0061,0.828,0.0282,0.0914309696179385,0.178659122884278,rs10062361,UKB,LDL-C,Blauwendraat,PD,TRUE
3,rs11206510,1:55496039,C,T,0.050126,0.0041043,2.7332e-34,1:55496039,T,C,0.8088,0.009,0.7563,0.0292,0.179547540198699,0.339343553522942,rs11206510,UKB,LDL-C,Blauwendraat,PD,TRUE
4,rs115849089,8:19912370,A,G,-0.028278,0.0050295,1.8858e-08,8:19912370,A,G,0.1286,0.0188,0.5943,0.0353,-0.664827781314096,1.55830344395553,rs115849089,UKB,LDL-C,Blauwendraat,PD,TRUE
5,rs12280753,11:116613660,T,C,0.067209,0.0061601,1.047e-27,11:116613660,T,C,0.0751,0.1416,0.0008106,0.0423,2.10686068830067,0.396119176533803,rs12280753,UKB,LDL-C,Blauwendraat,PD,TRUE
6,rs12678919,8:19844222,G,A,0.027036,0.0054053,5.685e-07,8:19844222,A,G,0.8921,-0.0094,0.7944,0.036,-0.347684568723184,1.7730465016906,rs12678919,UKB,LDL-C,Blauwendraat,PD,TRUE
7,rs12714264,2:21265518,T,A,0.096566,0.004815,2.2744e-89,2:21265518,A,T,0.8601,-0.0658,0.05318,0.034,-0.681399250253713,0.123967930038698,rs12714264,UKB,LDL-C,Blauwendraat,PD,TRUE
8,rs1367117,2:21263900,A,G,0.090315,0.0033736,1.4145e-157,2:21263900,A,G,0.3044,0.0089,0.7136,0.0243,0.0985439849415933,0.072392366627119,rs1367117,UKB,LDL-C,Blauwendraat,PD,TRUE
9,rs2073547,7:44582331,G,A,-0.040959,0.0041382,4.3086e-23,7:44582331,A,G,0.7227,-0.0467,0.1315,0.031,1.1401645547987,0.572828606096853,rs2073547,UKB,LDL-C,Blauwendraat,PD,TRUE
10,rs2495477,1:55518467,G,A,0.037018,0.0033441,1.796e-28,1:55518467,A,G,0.6069,0.0196,0.4695,0.027,0.529472148684424,0.531987742850617,rs2495477,UKB,LDL-C,Blauwendraat,PD,TRUE
11,rs35529421,1:62965621,A,T,0.047618,0.0033569,1.1985e-45,1:62965621,T,A,0.677,-0.016,0.5049,0.0241,-0.336007392162628,0.256148480409162,rs35529421,UKB,LDL-C,Blauwendraat,PD,TRUE
12,rs4341893,2:21135577,G,A,0.040996,0.0033505,2.067e-34,2:21135577,A,G,0.3247,0.0277,0.2785,0.0256,0.675675675675676,0.38993925867806,rs4341893,UKB,LDL-C,Blauwendraat,PD,TRUE
13,rs4587594,1:63133930,A,G,-0.048207,0.0033557,9.0092e-47,1:63133930,A,G,0.3182,0.02,0.4093,0.0242,-0.414877507415935,0.252005791112358,rs4587594,UKB,LDL-C,Blauwendraat,PD,TRUE
14,rs676210,2:21231524,A,G,-0.058491,0.0039745,5.3801e-49,2:21231524,A,G,0.2181,-0.0098,0.7182,0.0273,0.167547144005061,0.21784480179147,rs676210,UKB,LDL-C,Blauwendraat,PD,TRUE
15,rs7350481,11:116586283,C,T,0.074085,0.0068156,1.6337e-27,11:116586283,T,C,0.0686,-0.0782,0.08887,0.046,-1.05554430721469,0.385527261070357,rs7350481,UKB,LDL-C,Blauwendraat,PD,TRUE
16,rs964184,11:116648917,C,G,-0.081105,0.0047197,3.9201e-66,11:116648917,C,G,0.8623,-0.0645,0.04797,0.0326,0.795265396707971,0.161562268645987,rs964184,UKB,LDL-C,Blauwendraat,PD,TRUE